Sample_ID,Apiary_ID,Sampling_Date,Julian_Day,Quadrat #,# of HB Visits,Distance to colonies (m),Virus_Screening
Apiary_1_091520_F1,Apiary_1,9/15/2020,259,1,3,40,No
Apiary_1_091520_F10,Apiary_1,9/15/2020,259,4,NA,60,No
Apiary_1_091520_F11,Apiary_1,9/15/2020,259,4,NA,60,No
Apiary_1_091520_F12,Apiary_1,9/15/2020,259,4,NA,60,No
Apiary_1_091520_F13,Apiary_1,9/15/2020,259,5,5,85,No
Apiary_1_091520_F14,Apiary_1,9/15/2020,259,5,5,85,No
Apiary_1_091520_F15,Apiary_1,9/15/2020,259,5,5,85,No
Apiary_1_091520_F2,Apiary_1,9/15/2020,259,1,3,40,No
Apiary_1_091520_F3,Apiary_1,9/15/2020,259,1,3,40,No
Apiary_1_091520_F4,Apiary_1,9/15/2020,259,2,3,82,No
Apiary_1_091520_F5,Apiary_1,9/15/2020,259,2,3,82,No
Apiary_1_091520_F6,Apiary_1,9/15/2020,259,2,3,82,No
Apiary_1_091520_F7,Apiary_1,9/15/2020,259,3,NA,80,No
Apiary_1_091520_F8,Apiary_1,9/15/2020,259,3,NA,80,No
Apiary_1_091520_F9,Apiary_1,9/15/2020,259,3,NA,80,No
Apiary_2_091920_F1,Apiary_2,9/19/2020,263,1,9,30,No
Apiary_2_091920_F10,Apiary_2,9/19/2020,263,4,NA,210,No
Apiary_2_091920_F11,Apiary_2,9/19/2020,263,4,NA,210,No
Apiary_2_091920_F12,Apiary_2,9/19/2020,263,4,NA,210,No
Apiary_2_091920_F13,Apiary_2,9/19/2020,263,5,NA,240,No
Apiary_2_091920_F14,Apiary_2,9/19/2020,263,5,NA,240,No
Apiary_2_091920_F15,Apiary_2,9/19/2020,263,5,NA,240,No
Apiary_2_091920_F2,Apiary_2,9/19/2020,263,1,9,30,No
Apiary_2_091920_F3,Apiary_2,9/19/2020,263,1,9,30,No
Apiary_2_091920_F4,Apiary_2,9/19/2020,263,2,13,82,No
Apiary_2_091920_F5,Apiary_2,9/19/2020,263,2,13,82,No
Apiary_2_091920_F6,Apiary_2,9/19/2020,263,2,13,82,No
Apiary_2_091920_F7,Apiary_2,9/19/2020,263,3,17,180,No
Apiary_2_091920_F8,Apiary_2,9/19/2020,263,3,17,180,No
Apiary_2_091920_F9,Apiary_2,9/19/2020,263,3,17,180,No
Apiary_3_091520_F1,Apiary_3,9/15/2020,259,1,21,24,Yes
Apiary_3_091520_F10,Apiary_3,9/15/2020,259,5,NA,15,Yes
Apiary_3_091520_F11,Apiary_3,9/15/2020,259,5,NA,15,No
Apiary_3_091520_F12,Apiary_3,9/15/2020,259,5,NA,15,No
Apiary_3_091520_F13,Apiary_3,9/15/2020,259,4,NA,63,No
Apiary_3_091520_F14,Apiary_3,9/15/2020,259,4,NA,63,No
Apiary_3_091520_F15,Apiary_3,9/15/2020,259,4,NA,63,No
Apiary_3_091520_F2,Apiary_3,9/15/2020,259,1,21,24,Yes
Apiary_3_091520_F3,Apiary_3,9/15/2020,259,1,21,24,Yes
Apiary_3_091520_F4,Apiary_3,9/15/2020,259,2,33,45,Yes
Apiary_3_091520_F5,Apiary_3,9/15/2020,259,2,33,45,Yes
Apiary_3_091520_F6,Apiary_3,9/15/2020,259,2,33,45,Yes
Apiary_3_091520_F7,Apiary_3,9/15/2020,259,3,20,43,Yes
Apiary_3_091520_F8,Apiary_3,9/15/2020,259,3,20,43,Yes
Apiary_3_091520_F9,Apiary_3,9/15/2020,259,3,20,43,Yes
Apiary_3_092420_F1,Apiary_3,9/24/2020,268,1,21,30,Yes
Apiary_3_092420_F10,Apiary_3,9/24/2020,268,4,27,145,Yes
Apiary_3_092420_F11,Apiary_3,9/24/2020,268,4,27,145,No
Apiary_3_092420_F12,Apiary_3,9/24/2020,268,4,27,145,No
Apiary_3_092420_F13,Apiary_3,9/24/2020,268,5,NA,120,No
Apiary_3_092420_F14,Apiary_3,9/24/2020,268,5,NA,120,No
Apiary_3_092420_F15,Apiary_3,9/24/2020,268,5,NA,120,No
Apiary_3_092420_F2,Apiary_3,9/24/2020,268,1,21,30,Yes
Apiary_3_092420_F3,Apiary_3,9/24/2020,268,1,21,30,Yes
Apiary_3_092420_F4,Apiary_3,9/24/2020,268,2,36,90,Yes
Apiary_3_092420_F5,Apiary_3,9/24/2020,268,2,36,90,Yes
Apiary_3_092420_F6,Apiary_3,9/24/2020,268,2,36,90,Yes
Apiary_3_092420_F7,Apiary_3,9/24/2020,268,3,NA,25,Yes
Apiary_3_092420_F8,Apiary_3,9/24/2020,268,3,NA,25,Yes
Apiary_3_092420_F9,Apiary_3,9/24/2020,268,3,NA,25,Yes
Apiary_5_091420_F1,Apiary_5,9/14/2020,258,1,4,93,No
Apiary_5_091420_F10,Apiary_5,9/14/2020,258,4,7,184,No
Apiary_5_091420_F11,Apiary_5,9/14/2020,258,4,7,184,No
Apiary_5_091420_F12,Apiary_5,9/14/2020,258,4,7,184,No
Apiary_5_091420_F13,Apiary_5,9/14/2020,258,5,8,195,No
Apiary_5_091420_F14,Apiary_5,9/14/2020,258,5,8,195,No
Apiary_5_091420_F15,Apiary_5,9/14/2020,258,5,8,195,No
Apiary_5_091420_F16,Apiary_5,9/14/2020,258,6,NA,185,No
Apiary_5_091420_F17,Apiary_5,9/14/2020,258,6,NA,185,No
Apiary_5_091420_F18,Apiary_5,9/14/2020,258,6,NA,185,No
Apiary_5_091420_F19,Apiary_5,9/14/2020,258,7,NA,182,No
Apiary_5_091420_F2,Apiary_5,9/14/2020,258,1,4,93,No
Apiary_5_091420_F20,Apiary_5,9/14/2020,258,7,NA,182,No
Apiary_5_091420_F21,Apiary_5,9/14/2020,258,7,NA,182,No
Apiary_5_091420_F22,Apiary_5,9/14/2020,258,8,NA,190,No
Apiary_5_091420_F23,Apiary_5,9/14/2020,258,8,NA,190,No
Apiary_5_091420_F24,Apiary_5,9/14/2020,258,8,NA,190,No
Apiary_5_091420_F25,Apiary_5,9/14/2020,258,9,NA,186,No
Apiary_5_091420_F26,Apiary_5,9/14/2020,258,9,NA,186,No
Apiary_5_091420_F27,Apiary_5,9/14/2020,258,9,NA,186,No
Apiary_5_091420_F28,Apiary_5,9/14/2020,258,10,NA,192,No
Apiary_5_091420_F29,Apiary_5,9/14/2020,258,10,NA,192,No
Apiary_5_091420_F3,Apiary_5,9/14/2020,258,1,4,93,No
Apiary_5_091420_F30,Apiary_5,9/14/2020,258,10,NA,192,No
Apiary_5_091420_F4,Apiary_5,9/14/2020,258,2,7,150,No
Apiary_5_091420_F5,Apiary_5,9/14/2020,258,2,7,150,No
Apiary_5_091420_F6,Apiary_5,9/14/2020,258,2,7,150,No
Apiary_5_091420_F7,Apiary_5,9/14/2020,258,3,4,170,No
Apiary_5_091420_F8,Apiary_5,9/14/2020,258,3,4,170,No
Apiary_5_091420_F9,Apiary_5,9/14/2020,258,3,4,170,No
Apiary_4_091420_F1,Apiary_4,9/14/2020,258,1,8,126,Yes
Apiary_4_091420_F10,Apiary_4,9/14/2020,258,4,7,125,Yes
Apiary_4_091420_F11,Apiary_4,9/14/2020,258,4,7,125,Yes
Apiary_4_091420_F12,Apiary_4,9/14/2020,258,4,7,125,Yes
Apiary_4_091420_F13,Apiary_4,9/14/2020,258,6,5,182,Yes
Apiary_4_091420_F14,Apiary_4,9/14/2020,258,6,5,182,Yes
Apiary_4_091420_F15,Apiary_4,9/14/2020,258,6,5,182,Yes
Apiary_4_091420_F16,Apiary_4,9/14/2020,258,8,NA,193,Yes
Apiary_4_091420_F17,Apiary_4,9/14/2020,258,8,NA,193,Yes
Apiary_4_091420_F18,Apiary_4,9/14/2020,258,8,NA,193,Yes
Apiary_4_091420_F19,Apiary_4,9/14/2020,258,9,NA,217,Yes
Apiary_4_091420_F2,Apiary_4,9/14/2020,258,1,8,126,Yes
Apiary_4_091420_F20,Apiary_4,9/14/2020,258,9,NA,217,Yes
Apiary_4_091420_F21,Apiary_4,9/14/2020,258,9,NA,217,No
Apiary_4_091420_F22,Apiary_4,9/14/2020,258,10,NA,264,No
Apiary_4_091420_F23,Apiary_4,9/14/2020,258,10,NA,264,No
Apiary_4_091420_F24,Apiary_4,9/14/2020,258,10,NA,264,No
Apiary_4_091420_F25,Apiary_4,9/14/2020,258,7,NA,270,No
Apiary_4_091420_F26,Apiary_4,9/14/2020,258,7,NA,270,No
Apiary_4_091420_F27,Apiary_4,9/14/2020,258,7,NA,270,No
Apiary_4_091420_F28,Apiary_4,9/14/2020,258,5,NA,132,No
Apiary_4_091420_F29,Apiary_4,9/14/2020,258,5,NA,132,No
Apiary_4_091420_F3,Apiary_4,9/14/2020,258,1,8,126,Yes
Apiary_4_091420_F30,Apiary_4,9/14/2020,258,5,NA,132,No
Apiary_4_091420_F4,Apiary_4,9/14/2020,258,2,4,142,Yes
Apiary_4_091420_F5,Apiary_4,9/14/2020,258,2,4,142,Yes
Apiary_4_091420_F6,Apiary_4,9/14/2020,258,2,4,142,Yes
Apiary_4_091420_F7,Apiary_4,9/14/2020,258,3,13,115,Yes
Apiary_4_091420_F8,Apiary_4,9/14/2020,258,3,13,115,Yes
Apiary_4_091420_F9,Apiary_4,9/14/2020,258,3,13,115,Yes
Apiary_6_091020_F1,Apiary_6,9/10/2020,254,1,0,21,Yes
Apiary_6_091020_F10,Apiary_6,9/10/2020,254,2,15,28,Yes
Apiary_6_091020_F11,Apiary_6,9/10/2020,254,2,15,28,No
Apiary_6_091020_F12,Apiary_6,9/10/2020,254,2,15,28,No
Apiary_6_091020_F13,Apiary_6,9/10/2020,254,3,16,71.9,No
Apiary_6_091020_F14,Apiary_6,9/10/2020,254,3,16,71.9,No
Apiary_6_091020_F15,Apiary_6,9/10/2020,254,3,16,71.9,No
Apiary_6_091020_F2,Apiary_6,9/10/2020,254,1,0,21,Yes
Apiary_6_091020_F3,Apiary_6,9/10/2020,254,1,0,21,Yes
Apiary_6_091020_F4,Apiary_6,9/10/2020,254,4,NA,79.2,Yes
Apiary_6_091020_F5,Apiary_6,9/10/2020,254,4,NA,79.2,Yes
Apiary_6_091020_F6,Apiary_6,9/10/2020,254,4,NA,79.2,Yes
Apiary_6_091020_F7,Apiary_6,9/10/2020,254,5,NA,79.2,Yes
Apiary_6_091020_F8,Apiary_6,9/10/2020,254,5,NA,79.2,Yes
Apiary_6_091020_F9,Apiary_6,9/10/2020,254,5,NA,79.2,Yes
Apiary_6_092020_F1,Apiary_6,9/20/2020,264,1,33,80,Yes
Apiary_6_092020_F10,Apiary_6,9/20/2020,264,4,NA,60,Yes
Apiary_6_092020_F11,Apiary_6,9/20/2020,264,4,NA,60,No
Apiary_6_092020_F12,Apiary_6,9/20/2020,264,4,NA,60,No
Apiary_6_092020_F13,Apiary_6,9/20/2020,264,5,NA,50,No
Apiary_6_092020_F14,Apiary_6,9/20/2020,264,5,NA,50,No
Apiary_6_092020_F15,Apiary_6,9/20/2020,264,5,NA,50,No
Apiary_6_092020_F2,Apiary_6,9/20/2020,264,1,33,80,Yes
Apiary_6_092020_F3,Apiary_6,9/20/2020,264,1,33,80,Yes
Apiary_6_092020_F4,Apiary_6,9/20/2020,264,2,50,90,Yes
Apiary_6_092020_F5,Apiary_6,9/20/2020,264,2,50,90,Yes
Apiary_6_092020_F6,Apiary_6,9/20/2020,264,2,50,90,Yes
Apiary_6_092020_F7,Apiary_6,9/20/2020,264,3,11,75,Yes
Apiary_6_092020_F8,Apiary_6,9/20/2020,264,3,11,75,Yes
Apiary_6_092020_F9,Apiary_6,9/20/2020,264,3,11,75,Yes
Apiary_7_091720_F1,Apiary_7,9/17/2020,261,1,28,200,Yes
Apiary_7_091720_F10,Apiary_7,9/17/2020,261,3,9,235,Yes
Apiary_7_091720_F11,Apiary_7,9/17/2020,261,3,9,235,Yes
Apiary_7_091720_F12,Apiary_7,9/17/2020,261,3,9,235,Yes
Apiary_7_091720_F13,Apiary_7,9/17/2020,261,5,18,275,Yes
Apiary_7_091720_F14,Apiary_7,9/17/2020,261,5,18,275,Yes
Apiary_7_091720_F15,Apiary_7,9/17/2020,261,5,18,275,Yes
Apiary_7_091720_F16,Apiary_7,9/17/2020,261,6,NA,300,Yes
Apiary_7_091720_F17,Apiary_7,9/17/2020,261,6,NA,300,Yes
Apiary_7_091720_F18,Apiary_7,9/17/2020,261,6,NA,300,Yes
Apiary_7_091720_F19,Apiary_7,9/17/2020,261,7,NA,325,Yes
Apiary_7_091720_F2,Apiary_7,9/17/2020,261,1,28,200,Yes
Apiary_7_091720_F20,Apiary_7,9/17/2020,261,7,NA,325,Yes
Apiary_7_091720_F21,Apiary_7,9/17/2020,261,7,NA,325,No
Apiary_7_091720_F22,Apiary_7,9/17/2020,261,8,NA,300,No
Apiary_7_091720_F23,Apiary_7,9/17/2020,261,8,NA,300,No
Apiary_7_091720_F24,Apiary_7,9/17/2020,261,8,NA,300,No
Apiary_7_091720_F25,Apiary_7,9/17/2020,261,9,NA,180,No
Apiary_7_091720_F26,Apiary_7,9/17/2020,261,9,NA,180,No
Apiary_7_091720_F27,Apiary_7,9/17/2020,261,9,NA,180,No
Apiary_7_091720_F28,Apiary_7,9/17/2020,261,10,NA,120,No
Apiary_7_091720_F29,Apiary_7,9/17/2020,261,10,NA,120,No
Apiary_7_091720_F3,Apiary_7,9/17/2020,261,1,28,200,Yes
Apiary_7_091720_F30,Apiary_7,9/17/2020,261,10,NA,120,No
Apiary_7_091720_F4,Apiary_7,9/17/2020,261,2,23,200,Yes
Apiary_7_091720_F5,Apiary_7,9/17/2020,261,2,23,200,Yes
Apiary_7_091720_F6,Apiary_7,9/17/2020,261,2,23,200,Yes
Apiary_7_091720_F7,Apiary_7,9/17/2020,261,4,18,215,Yes
Apiary_7_091720_F8,Apiary_7,9/17/2020,261,4,18,215,Yes
Apiary_7_091720_F9,Apiary_7,9/17/2020,261,4,18,215,Yes
Apiary_8_091320_F1,Apiary_8,9/13/2020,257,1,3,25,Yes
Apiary_8_091320_F10,Apiary_8,9/13/2020,257,4,4,450,Yes
Apiary_8_091320_F11,Apiary_8,9/13/2020,257,4,4,450,Yes
Apiary_8_091320_F12,Apiary_8,9/13/2020,257,4,4,450,Yes
Apiary_8_091320_F13,Apiary_8,9/13/2020,257,5,NA,30,Yes
Apiary_8_091320_F14,Apiary_8,9/13/2020,257,5,NA,30,Yes
Apiary_8_091320_F15,Apiary_8,9/13/2020,257,5,NA,30,Yes
Apiary_8_091320_F2,Apiary_8,9/13/2020,257,1,3,25,Yes
Apiary_8_091320_F3,Apiary_8,9/13/2020,257,1,3,25,Yes
Apiary_8_091320_F4,Apiary_8,9/13/2020,257,2,7,350,Yes
Apiary_8_091320_F5,Apiary_8,9/13/2020,257,2,7,350,Yes
Apiary_8_091320_F6,Apiary_8,9/13/2020,257,2,7,350,Yes
Apiary_8_091320_F7,Apiary_8,9/13/2020,257,3,NA,360,Yes
Apiary_8_091320_F8,Apiary_8,9/13/2020,257,3,NA,360,Yes
Apiary_8_091320_F9,Apiary_8,9/13/2020,257,3,NA,360,Yes
Apiary_8_092520_F1,Apiary_8,9/25/2020,269,1,2,340,Yes
Apiary_8_092520_F10,Apiary_8,9/25/2020,269,4,NA,295,Yes
Apiary_8_092520_F11,Apiary_8,9/25/2020,269,4,NA,295,No
Apiary_8_092520_F12,Apiary_8,9/25/2020,269,4,NA,295,No
Apiary_8_092520_F13,Apiary_8,9/25/2020,269,5,NA,65,No
Apiary_8_092520_F14,Apiary_8,9/25/2020,269,5,NA,65,No
Apiary_8_092520_F15,Apiary_8,9/25/2020,269,5,NA,65,No
Apiary_8_092520_F2,Apiary_8,9/25/2020,269,1,2,340,Yes
Apiary_8_092520_F3,Apiary_8,9/25/2020,269,1,2,340,Yes
Apiary_8_092520_F4,Apiary_8,9/25/2020,269,2,0,335,Yes
Apiary_8_092520_F5,Apiary_8,9/25/2020,269,2,0,335,Yes
Apiary_8_092520_F6,Apiary_8,9/25/2020,269,2,0,335,Yes
Apiary_8_092520_F7,Apiary_8,9/25/2020,269,3,2,536,Yes
Apiary_8_092520_F8,Apiary_8,9/25/2020,269,3,2,536,Yes
Apiary_8_092520_F9,Apiary_8,9/25/2020,269,3,2,536,Yes
Apiary_9_091220_F1,Apiary_9,9/12/2020,256,1,2,56.1,No
Apiary_9_091220_F10,Apiary_9,9/12/2020,256,4,NA,12.2,No
Apiary_9_091220_F11,Apiary_9,9/12/2020,256,4,NA,12.2,No
Apiary_9_091220_F12,Apiary_9,9/12/2020,256,4,NA,12.2,No
Apiary_9_091220_F13,Apiary_9,9/12/2020,256,5,NA,8.8,No
Apiary_9_091220_F14,Apiary_9,9/12/2020,256,5,NA,8.8,No
Apiary_9_091220_F15,Apiary_9,9/12/2020,256,5,NA,8.8,No
Apiary_9_091220_F2,Apiary_9,9/12/2020,256,1,2,56.1,No
Apiary_9_091220_F3,Apiary_9,9/12/2020,256,1,2,56.1,No
Apiary_9_091220_F4,Apiary_9,9/12/2020,256,2,6,28.7,No
Apiary_9_091220_F5,Apiary_9,9/12/2020,256,2,6,28.7,No
Apiary_9_091220_F6,Apiary_9,9/12/2020,256,2,6,28.7,No
Apiary_9_091220_F7,Apiary_9,9/12/2020,256,3,0,21.3,No
Apiary_9_091220_F8,Apiary_9,9/12/2020,256,3,0,21.3,No
Apiary_9_091220_F9,Apiary_9,9/12/2020,256,3,0,21.3,No
Apiary_9_092220_F1,Apiary_9,9/22/2020,266,1,NA,35,No
Apiary_9_092220_F10,Apiary_9,9/22/2020,266,4,5,75,No
Apiary_9_092220_F11,Apiary_9,9/22/2020,266,4,5,75,No
Apiary_9_092220_F12,Apiary_9,9/22/2020,266,4,5,75,No
Apiary_9_092220_F13,Apiary_9,9/22/2020,266,5,NA,140,No
Apiary_9_092220_F14,Apiary_9,9/22/2020,266,5,NA,140,No
Apiary_9_092220_F15,Apiary_9,9/22/2020,266,5,NA,140,No
Apiary_9_092220_F2,Apiary_9,9/22/2020,266,1,NA,35,No
Apiary_9_092220_F3,Apiary_9,9/22/2020,266,1,NA,35,No
Apiary_9_092220_F4,Apiary_9,9/22/2020,266,2,4,20,No
Apiary_9_092220_F5,Apiary_9,9/22/2020,266,2,4,20,No
Apiary_9_092220_F6,Apiary_9,9/22/2020,266,2,4,20,No
Apiary_9_092220_F7,Apiary_9,9/22/2020,266,3,3,50,No
Apiary_9_092220_F8,Apiary_9,9/22/2020,266,3,3,50,No
Apiary_9_092220_F9,Apiary_9,9/22/2020,266,3,3,50,No
Apiary_10_091220_F1,Apiary_10,9/12/2020,256,1,11,34.1,Yes
Apiary_10_091220_F10,Apiary_10,9/12/2020,256,4,NA,68.9,Yes
Apiary_10_091220_F11,Apiary_10,9/12/2020,256,4,NA,68.9,Yes
Apiary_10_091220_F12,Apiary_10,9/12/2020,256,4,NA,68.9,Yes
Apiary_10_091220_F13,Apiary_10,9/12/2020,256,5,NA,80.2,Yes
Apiary_10_091220_F14,Apiary_10,9/12/2020,256,5,NA,80.2,Yes
Apiary_10_091220_F15,Apiary_10,9/12/2020,256,5,NA,80.2,Yes
Apiary_10_091220_F2,Apiary_10,9/12/2020,256,1,11,34.1,Yes
Apiary_10_091220_F3,Apiary_10,9/12/2020,256,1,11,34.1,Yes
Apiary_10_091220_F4,Apiary_10,9/12/2020,256,2,2,26.2,Yes
Apiary_10_091220_F5,Apiary_10,9/12/2020,256,2,2,26.2,Yes
Apiary_10_091220_F6,Apiary_10,9/12/2020,256,2,2,26.2,Yes
Apiary_10_091220_F7,Apiary_10,9/12/2020,256,3,10,76.8,Yes
Apiary_10_091220_F8,Apiary_10,9/12/2020,256,3,10,76.8,Yes
Apiary_10_091220_F9,Apiary_10,9/12/2020,256,3,10,76.8,Yes
Apiary_10_092220_F1,Apiary_10,9/22/2020,266,1,NA,60,Yes
Apiary_10_092220_F10,Apiary_10,9/22/2020,266,4,20,80,Yes
Apiary_10_092220_F11,Apiary_10,9/22/2020,266,4,20,80,Yes
Apiary_10_092220_F12,Apiary_10,9/22/2020,266,4,20,80,Yes
Apiary_10_092220_F13,Apiary_10,9/22/2020,266,5,NA,75,Yes
Apiary_10_092220_F14,Apiary_10,9/22/2020,266,5,NA,75,Yes
Apiary_10_092220_F15,Apiary_10,9/22/2020,266,5,NA,75,Yes
Apiary_10_092220_F2,Apiary_10,9/22/2020,266,1,NA,60,Yes
Apiary_10_092220_F3,Apiary_10,9/22/2020,266,1,NA,60,Yes
Apiary_10_092220_F4,Apiary_10,9/22/2020,266,2,6,90,Yes
Apiary_10_092220_F5,Apiary_10,9/22/2020,266,2,6,90,Yes
Apiary_10_092220_F6,Apiary_10,9/22/2020,266,2,6,90,Yes
Apiary_10_092220_F7,Apiary_10,9/22/2020,266,3,12,100,Yes
Apiary_10_092220_F8,Apiary_10,9/22/2020,266,3,12,100,Yes
Apiary_10_092220_F9,Apiary_10,9/22/2020,266,3,12,100,Yes
Apiary_11_091120_F1,Apiary_11,9/11/2020,255,1,3,50,Yes
Apiary_11_091120_F10,Apiary_11,9/11/2020,255,4,0,160,Yes
Apiary_11_091120_F11,Apiary_11,9/11/2020,255,4,0,160,Yes
Apiary_11_091120_F12,Apiary_11,9/11/2020,255,4,0,160,Yes
Apiary_11_091120_F13,Apiary_11,9/11/2020,255,5,NA,170,Yes
Apiary_11_091120_F14,Apiary_11,9/11/2020,255,5,NA,170,Yes
Apiary_11_091120_F15,Apiary_11,9/11/2020,255,5,NA,170,Yes
Apiary_11_091120_F2,Apiary_11,9/11/2020,255,1,3,50,Yes
Apiary_11_091120_F3,Apiary_11,9/11/2020,255,1,3,50,Yes
Apiary_11_091120_F4,Apiary_11,9/11/2020,255,2,0,76,Yes
Apiary_11_091120_F5,Apiary_11,9/11/2020,255,2,0,76,Yes
Apiary_11_091120_F6,Apiary_11,9/11/2020,255,2,0,76,Yes
Apiary_11_091120_F7,Apiary_11,9/11/2020,255,3,NA,95,Yes
Apiary_11_091120_F8,Apiary_11,9/11/2020,255,3,NA,95,Yes
Apiary_11_091120_F9,Apiary_11,9/11/2020,255,3,NA,95,Yes
Apiary_11_092120_F1,Apiary_11,9/21/2020,265,1,18,130,Yes
Apiary_11_092120_F10,Apiary_11,9/21/2020,265,4,NA,156,Yes
Apiary_11_092120_F11,Apiary_11,9/21/2020,265,4,NA,156,Yes
Apiary_11_092120_F12,Apiary_11,9/21/2020,265,4,NA,156,Yes
Apiary_11_092120_F13,Apiary_11,9/21/2020,265,5,NA,155,Yes
Apiary_11_092120_F14,Apiary_11,9/21/2020,265,5,NA,155,Yes
Apiary_11_092120_F15,Apiary_11,9/21/2020,265,5,NA,155,Yes
Apiary_11_092120_F2,Apiary_11,9/21/2020,265,1,18,130,Yes
Apiary_11_092120_F3,Apiary_11,9/21/2020,265,1,18,130,Yes
Apiary_11_092120_F4,Apiary_11,9/21/2020,265,2,7,120,Yes
Apiary_11_092120_F5,Apiary_11,9/21/2020,265,2,7,120,Yes
Apiary_11_092120_F6,Apiary_11,9/21/2020,265,2,7,120,Yes
Apiary_11_092120_F7,Apiary_11,9/21/2020,265,3,23,160,Yes
Apiary_11_092120_F8,Apiary_11,9/21/2020,265,3,23,160,Yes
Apiary_11_092120_F9,Apiary_11,9/21/2020,265,3,23,160,Yes
Apiary_12_091620_F1,Apiary_12,9/16/2020,260,1,4,150,No
Apiary_12_091620_F10,Apiary_12,9/16/2020,260,4,33,210,No
Apiary_12_091620_F11,Apiary_12,9/16/2020,260,4,33,210,No
Apiary_12_091620_F12,Apiary_12,9/16/2020,260,4,33,210,No
Apiary_12_091620_F13,Apiary_12,9/16/2020,260,4,33,210,No
Apiary_12_091620_F14,Apiary_12,9/16/2020,260,4,33,210,No
Apiary_12_091620_F15,Apiary_12,9/16/2020,260,4,33,210,No
Apiary_12_091620_F16,Apiary_12,9/16/2020,260,6,8,310,No
Apiary_12_091620_F17,Apiary_12,9/16/2020,260,6,8,310,No
Apiary_12_091620_F18,Apiary_12,9/16/2020,260,6,8,310,No
Apiary_12_091620_F19,Apiary_12,9/16/2020,260,6,8,310,No
Apiary_12_091620_F19.2,Apiary_12,9/16/2020,260,7,NA,220,No
Apiary_12_091620_F2,Apiary_12,9/16/2020,260,1,4,150,No
Apiary_12_091620_F20,Apiary_12,9/16/2020,260,7,NA,220,No
Apiary_12_091620_F21,Apiary_12,9/16/2020,260,7,NA,220,No
Apiary_12_091620_F22,Apiary_12,9/16/2020,260,8,NA,205,No
Apiary_12_091620_F23,Apiary_12,9/16/2020,260,8,NA,205,No
Apiary_12_091620_F24,Apiary_12,9/16/2020,260,8,NA,205,No
Apiary_12_091620_F25,Apiary_12,9/16/2020,260,10,NA,NA,No
Apiary_12_091620_F26,Apiary_12,9/16/2020,260,10,NA,NA,No
Apiary_12_091620_F27,Apiary_12,9/16/2020,260,10,NA,NA,No
Apiary_12_091620_F28,Apiary_12,9/16/2020,260,9,NA,NA,No
Apiary_12_091620_F29,Apiary_12,9/16/2020,260,9,NA,NA,No
Apiary_12_091620_F3,Apiary_12,9/16/2020,260,1,4,150,No
Apiary_12_091620_F30,Apiary_12,9/16/2020,260,9,NA,NA,No
Apiary_12_091620_F4,Apiary_12,9/16/2020,260,2,1,180,No
Apiary_12_091620_F5,Apiary_12,9/16/2020,260,2,1,180,No
Apiary_12_091620_F6,Apiary_12,9/16/2020,260,2,1,180,No
Apiary_12_091620_F7,Apiary_12,9/16/2020,260,3,5,205,No
Apiary_12_091620_F8,Apiary_12,9/16/2020,260,3,5,205,No
Apiary_12_091620_F9,Apiary_12,9/16/2020,260,3,5,205,No
Apiary_13_090920_F1,Apiary_13,9/9/2020,253,1,1,60,Yes
Apiary_13_090920_F10,Apiary_13,9/9/2020,253,4,NA,75,Yes
Apiary_13_090920_F11,Apiary_13,9/9/2020,253,4,NA,75,Yes
Apiary_13_090920_F12,Apiary_13,9/9/2020,253,4,NA,75,Yes
Apiary_13_090920_F13,Apiary_13,9/9/2020,253,5,NA,100,Yes
Apiary_13_090920_F14,Apiary_13,9/9/2020,253,5,NA,100,Yes
Apiary_13_090920_F15,Apiary_13,9/9/2020,253,5,NA,100,Yes
Apiary_13_090920_F2,Apiary_13,9/9/2020,253,1,1,60,Yes
Apiary_13_090920_F3,Apiary_13,9/9/2020,253,1,1,60,Yes
Apiary_13_090920_F4,Apiary_13,9/9/2020,253,2,0,95,Yes
Apiary_13_090920_F5,Apiary_13,9/9/2020,253,2,0,95,Yes
Apiary_13_090920_F6,Apiary_13,9/9/2020,253,2,0,95,Yes
Apiary_13_090920_F7,Apiary_13,9/9/2020,253,3,5,75,Yes
Apiary_13_090920_F8,Apiary_13,9/9/2020,253,3,5,75,Yes
Apiary_13_090920_F9,Apiary_13,9/9/2020,253,3,5,75,Yes
Apiary_13_092320_F1,Apiary_13,9/23/2020,267,1,5,60,Yes
Apiary_13_092320_F10,Apiary_13,9/23/2020,267,4,NA,75,Yes
Apiary_13_092320_F11,Apiary_13,9/23/2020,267,4,NA,75,Yes
Apiary_13_092320_F12,Apiary_13,9/23/2020,267,4,NA,75,Yes
Apiary_13_092320_F13,Apiary_13,9/23/2020,267,5,NA,100,Yes
Apiary_13_092320_F14,Apiary_13,9/23/2020,267,5,NA,100,Yes
Apiary_13_092320_F15,Apiary_13,9/23/2020,267,5,NA,100,Yes
Apiary_13_092320_F2,Apiary_13,9/23/2020,267,1,5,60,Yes
Apiary_13_092320_F3,Apiary_13,9/23/2020,267,1,5,60,Yes
Apiary_13_092320_F4,Apiary_13,9/23/2020,267,2,9,95,Yes
Apiary_13_092320_F5,Apiary_13,9/23/2020,267,2,9,95,Yes
Apiary_13_092320_F6,Apiary_13,9/23/2020,267,2,9,95,Yes
Apiary_13_092320_F7,Apiary_13,9/23/2020,267,3,1,75,Yes
Apiary_13_092320_F8,Apiary_13,9/23/2020,267,3,1,75,Yes
Apiary_13_092320_F9,Apiary_13,9/23/2020,267,3,1,75,Yes
Apiary_14_090920_F1,Apiary_14,9/9/2020,253,1,1,20,No
Apiary_14_090920_F10,Apiary_14,9/9/2020,253,4,13,232,No
Apiary_14_090920_F11,Apiary_14,9/9/2020,253,4,13,232,No
Apiary_14_090920_F12,Apiary_14,9/9/2020,253,5,NA,202,No
Apiary_14_090920_F13,Apiary_14,9/9/2020,253,5,NA,202,No
Apiary_14_090920_F14,Apiary_14,9/9/2020,253,4,13,232,No
Apiary_14_090920_F15,Apiary_14,9/9/2020,253,5,NA,202,No
Apiary_14_090920_F2,Apiary_14,9/9/2020,253,1,1,20,No
Apiary_14_090920_F3,Apiary_14,9/9/2020,253,1,1,20,No
Apiary_14_090920_F4,Apiary_14,9/9/2020,253,2,10,195,No
Apiary_14_090920_F5,Apiary_14,9/9/2020,253,2,10,195,No
Apiary_14_090920_F6,Apiary_14,9/9/2020,253,2,10,195,No
Apiary_14_090920_F7,Apiary_14,9/9/2020,253,3,NA,185,No
Apiary_14_090920_F8,Apiary_14,9/9/2020,253,3,NA,185,No
Apiary_14_090920_F9,Apiary_14,9/9/2020,253,3,NA,185,No
Apiary_14_092320_F1,Apiary_14,9/23/2020,267,1,14,115,No
Apiary_14_092320_F10,Apiary_14,9/23/2020,267,4,NA,210,No
Apiary_14_092320_F11,Apiary_14,9/23/2020,267,4,NA,210,No
Apiary_14_092320_F12,Apiary_14,9/23/2020,267,4,NA,210,No
Apiary_14_092320_F13,Apiary_14,9/23/2020,267,5,NA,190,No
Apiary_14_092320_F14,Apiary_14,9/23/2020,267,5,NA,190,No
Apiary_14_092320_F15,Apiary_14,9/23/2020,267,5,NA,190,No
Apiary_14_092320_F2,Apiary_14,9/23/2020,267,1,14,115,No
Apiary_14_092320_F3,Apiary_14,9/23/2020,267,1,14,115,No
Apiary_14_092320_F4,Apiary_14,9/23/2020,267,2,11,175,No
Apiary_14_092320_F5,Apiary_14,9/23/2020,267,2,11,175,No
Apiary_14_092320_F6,Apiary_14,9/23/2020,267,2,11,175,No
Apiary_14_092320_F7,Apiary_14,9/23/2020,267,3,5,230,No
Apiary_14_092320_F8,Apiary_14,9/23/2020,267,3,5,230,No
Apiary_14_092320_F9,Apiary_14,9/23/2020,267,3,5,230,No
Apiary_15_091520_F13,Apiary_15,9/16/2020,259,5,NA,270,No
Apiary_15_091520_F14,Apiary_15,9/16/2020,259,5,NA,270,No
Apiary_15_091520_F15,Apiary_15,9/16/2020,259,5,NA,270,No
Apiary_15_091520_F16,Apiary_15,9/16/2020,259,6,10,418,Yes
Apiary_15_091520_F17,Apiary_15,9/16/2020,259,6,10,418,Yes
Apiary_15_091520_F18,Apiary_15,9/16/2020,259,6,10,418,No
Apiary_15_091520_F19,Apiary_15,9/16/2020,259,7,6,450,Yes
Apiary_15_091520_F20,Apiary_15,9/16/2020,259,7,6,450,Yes
Apiary_15_091520_F21,Apiary_15,9/16/2020,259,7,6,450,Yes
Apiary_15_091520_F22,Apiary_15,9/16/2020,259,8,NA,465,Yes
Apiary_15_091520_F23,Apiary_15,9/16/2020,259,8,NA,465,Yes
Apiary_15_091520_F24,Apiary_15,9/16/2020,259,8,NA,465,Yes
Apiary_15_091520_F25,Apiary_15,9/16/2020,259,9,NA,440,Yes
Apiary_15_091520_F26,Apiary_15,9/16/2020,259,9,NA,440,Yes
Apiary_15_091520_F27,Apiary_15,9/16/2020,259,9,NA,440,No
Apiary_15_091520_F28,Apiary_15,9/16/2020,259,10,NA,480,No
Apiary_15_091520_F29,Apiary_15,9/16/2020,259,10,NA,480,No
Apiary_15_091520_F30,Apiary_15,9/16/2020,259,10,NA,480,No
Apiary_15_091620_F1,Apiary_15,9/16/2020,260,1,2,41,Yes
Apiary_15_091620_F10,Apiary_15,9/16/2020,260,4,0,215,Yes
Apiary_15_091620_F11,Apiary_15,9/16/2020,260,4,0,215,Yes
Apiary_15_091620_F12,Apiary_15,9/16/2020,260,4,0,215,Yes
Apiary_15_091620_F2,Apiary_15,9/16/2020,260,1,2,41,Yes
Apiary_15_091620_F3,Apiary_15,9/16/2020,260,1,2,41,Yes
Apiary_15_091620_F4,Apiary_15,9/16/2020,260,2,0,70,Yes
Apiary_15_091620_F5,Apiary_15,9/16/2020,260,2,0,70,No
Apiary_15_091620_F6,Apiary_15,9/16/2020,260,2,0,70,Yes
Apiary_15_091620_F7,Apiary_15,9/16/2020,260,3,NA,150,Yes
Apiary_15_091620_F8,Apiary_15,9/16/2020,260,3,NA,150,Yes
Apiary_15_091620_F9,Apiary_15,9/16/2020,260,3,NA,150,Yes
Apiary_16_091020_F1,Apiary_16,9/10/2020,254,1,28,97.5,No
Apiary_16_091020_F10,Apiary_16,9/10/2020,254,4,NA,123.4,Yes
Apiary_16_091020_F11,Apiary_16,9/10/2020,254,4,NA,123.4,Yes
Apiary_16_091020_F12,Apiary_16,9/10/2020,254,4,NA,123.4,Yes
Apiary_16_091020_F13,Apiary_16,9/10/2020,254,5,NA,139,Yes
Apiary_16_091020_F14,Apiary_16,9/10/2020,254,5,NA,139,Yes
Apiary_16_091020_F15,Apiary_16,9/10/2020,254,5,NA,139,Yes
Apiary_16_091020_F2,Apiary_16,9/10/2020,254,1,28,97.5,Yes
Apiary_16_091020_F3,Apiary_16,9/10/2020,254,1,28,97.5,No
Apiary_16_091020_F4,Apiary_16,9/10/2020,254,2,4,113.7,No
Apiary_16_091020_F5,Apiary_16,9/10/2020,254,2,4,113.7,No
Apiary_16_091020_F6,Apiary_16,9/10/2020,254,2,4,113.7,Yes
Apiary_16_091020_F7,Apiary_16,9/10/2020,254,3,7,96,No
Apiary_16_091020_F8,Apiary_16,9/10/2020,254,3,7,96,Yes
Apiary_16_091020_F9,Apiary_16,9/10/2020,254,3,7,96,Yes
Apiary_16_092020_F1,Apiary_16,9/20/2020,264,1,5,140,Yes
Apiary_16_092020_F10,Apiary_16,9/20/2020,264,4,NA,68,Yes
Apiary_16_092020_F11,Apiary_16,9/20/2020,264,4,NA,68,No
Apiary_16_092020_F12,Apiary_16,9/20/2020,264,4,NA,68,No
Apiary_16_092020_F13,Apiary_16,9/20/2020,264,5,NA,50,No
Apiary_16_092020_F14,Apiary_16,9/20/2020,264,5,NA,50,No
Apiary_16_092020_F15,Apiary_16,9/20/2020,264,5,NA,50,No
Apiary_16_092020_F2,Apiary_16,9/20/2020,264,1,5,140,Yes
Apiary_16_092020_F3,Apiary_16,9/20/2020,264,1,5,140,Yes
Apiary_16_092020_F4,Apiary_16,9/20/2020,264,2,7,130,Yes
Apiary_16_092020_F5,Apiary_16,9/20/2020,264,2,7,130,Yes
Apiary_16_092020_F6,Apiary_16,9/20/2020,264,2,7,130,Yes
Apiary_16_092020_F7,Apiary_16,9/20/2020,264,3,3,125,Yes
Apiary_16_092020_F8,Apiary_16,9/20/2020,264,3,3,125,Yes
Apiary_16_092020_F9,Apiary_16,9/20/2020,264,3,3,125,Yes
Apiary_17_090820_F1,Apiary_17,9/8/2020,252,1,19,36.6,No
Apiary_17_090820_F10,Apiary_17,9/8/2020,252,4,NA,56.7,No
Apiary_17_090820_F11,Apiary_17,9/8/2020,252,4,NA,56.7,No
Apiary_17_090820_F12,Apiary_17,9/8/2020,252,4,NA,56.7,No
Apiary_17_090820_F13,Apiary_17,9/8/2020,252,5,NA,79.6,No
Apiary_17_090820_F14,Apiary_17,9/8/2020,252,5,NA,79.6,No
Apiary_17_090820_F15,Apiary_17,9/8/2020,252,5,NA,79.6,No
Apiary_17_090820_F2,Apiary_17,9/8/2020,252,1,19,36.6,No
Apiary_17_090820_F3,Apiary_17,9/8/2020,252,1,19,36.6,No
Apiary_17_090820_F4,Apiary_17,9/8/2020,252,2,7,32,No
Apiary_17_090820_F5,Apiary_17,9/8/2020,252,2,7,32,No
Apiary_17_090820_F6,Apiary_17,9/8/2020,252,2,7,32,No
Apiary_17_090820_F7,Apiary_17,9/8/2020,252,3,12,62.5,No
Apiary_17_090820_F8,Apiary_17,9/8/2020,252,3,12,62.5,No
Apiary_17_090820_F9,Apiary_17,9/8/2020,252,3,12,62.5,No
Apiary_17_092220_F1,Apiary_17,9/22/2020,266,1,2,115,No
Apiary_17_092220_F10,Apiary_17,9/22/2020,266,4,11,160,No
Apiary_17_092220_F11,Apiary_17,9/22/2020,266,4,11,160,No
Apiary_17_092220_F12,Apiary_17,9/22/2020,266,4,11,160,No
Apiary_17_092220_F13,Apiary_17,9/22/2020,266,5,NA,175,No
Apiary_17_092220_F14,Apiary_17,9/22/2020,266,5,NA,175,No
Apiary_17_092220_F15,Apiary_17,9/22/2020,266,5,NA,175,No
Apiary_17_092220_F2,Apiary_17,9/22/2020,266,1,2,115,No
Apiary_17_092220_F3,Apiary_17,9/22/2020,266,1,2,115,No
Apiary_17_092220_F4,Apiary_17,9/22/2020,266,2,NA,150,No
Apiary_17_092220_F5,Apiary_17,9/22/2020,266,2,NA,150,No
Apiary_17_092220_F6,Apiary_17,9/22/2020,266,2,NA,150,No
Apiary_17_092220_F7,Apiary_17,9/22/2020,266,3,6,105,No
Apiary_17_092220_F8,Apiary_17,9/22/2020,266,3,6,105,No
Apiary_17_092220_F9,Apiary_17,9/22/2020,266,3,6,105,No
Apiary_18_092220_F1,Apiary_18,9/22/2020,266,1,5,185,No
Apiary_18_092220_F10,Apiary_18,9/22/2020,266,4,NA,100,No
Apiary_18_092220_F11,Apiary_18,9/22/2020,266,4,NA,100,No
Apiary_18_092220_F12,Apiary_18,9/22/2020,266,4,NA,100,No
Apiary_18_092220_F13,Apiary_18,9/22/2020,266,5,NA,85,No
Apiary_18_092220_F14,Apiary_18,9/22/2020,266,5,NA,85,No
Apiary_18_092220_F15,Apiary_18,9/22/2020,266,5,NA,85,No
Apiary_18_092220_F2,Apiary_18,9/22/2020,266,1,5,185,No
Apiary_18_092220_F3,Apiary_18,9/22/2020,266,1,5,185,No
Apiary_18_092220_F4,Apiary_18,9/22/2020,266,2,15,200,No
Apiary_18_092220_F5,Apiary_18,9/22/2020,266,2,15,200,No
Apiary_18_092220_F6,Apiary_18,9/22/2020,266,2,15,200,No
Apiary_18_092220_F7,Apiary_18,9/22/2020,266,3,6,210,No
Apiary_18_092220_F8,Apiary_18,9/22/2020,266,3,6,210,No
Apiary_18_092220_F9,Apiary_18,9/22/2020,266,3,6,210,No
Apiary_18_090820_F1,Apiary_18,9/8/2020,252,1,1,33.5,No
Apiary_18_090820_F10,Apiary_18,9/8/2020,252,4,NA,58.5,No
Apiary_18_090820_F11,Apiary_18,9/8/2020,252,4,NA,58.5,No
Apiary_18_090820_F12,Apiary_18,9/8/2020,252,4,NA,58.5,No
Apiary_18_090820_F13,Apiary_18,9/8/2020,252,5,NA,72.5,No
Apiary_18_090820_F14,Apiary_18,9/8/2020,252,5,NA,72.5,No
Apiary_18_090820_F15,Apiary_18,9/8/2020,252,5,NA,72.5,No
Apiary_18_090820_F2,Apiary_18,9/8/2020,252,1,1,33.5,No
Apiary_18_090820_F3,Apiary_18,9/8/2020,252,1,1,33.5,No
Apiary_18_090820_F4,Apiary_18,9/8/2020,252,2,7,67.4,No
Apiary_18_090820_F5,Apiary_18,9/8/2020,252,2,7,67.4,No
Apiary_18_090820_F6,Apiary_18,9/8/2020,252,2,7,67.4,No
Apiary_18_090820_F7,Apiary_18,9/8/2020,252,3,5,54.9,No
Apiary_18_090820_F8,Apiary_18,9/8/2020,252,3,5,54.9,No
Apiary_18_090820_F9,Apiary_18,9/8/2020,252,3,5,54.9,No
Apiary_19_091820_F1,Apiary_19,9/18/2020,262,2,32,50,Yes
Apiary_19_091820_F10,Apiary_19,9/18/2020,262,4,6,75,Yes
Apiary_19_091820_F11,Apiary_19,9/18/2020,262,4,6,75,No
Apiary_19_091820_F12,Apiary_19,9/18/2020,262,4,6,75,No
Apiary_19_091820_F13,Apiary_19,9/18/2020,262,5,6,95,No
Apiary_19_091820_F14,Apiary_19,9/18/2020,262,5,6,95,No
Apiary_19_091820_F15,Apiary_19,9/18/2020,262,5,6,95,No
Apiary_19_091820_F16,Apiary_19,9/18/2020,262,6,NA,105,No
Apiary_19_091820_F16,Apiary_19,9/18/2020,262,6,NA,105,No
Apiary_19_091820_F16,Apiary_19,9/18/2020,262,6,NA,105,No
Apiary_19_091820_F19,Apiary_19,9/18/2020,262,7,NA,125,No
Apiary_19_091820_F2,Apiary_19,9/18/2020,262,2,32,50,Yes
Apiary_19_091820_F20,Apiary_19,9/18/2020,262,7,NA,125,No
Apiary_19_091820_F21,Apiary_19,9/18/2020,262,7,NA,125,Yes
Apiary_19_091820_F22,Apiary_19,9/18/2020,262,8,NA,140,Yes
Apiary_19_091820_F23,Apiary_19,9/18/2020,262,8,NA,140,Yes
Apiary_19_091820_F24,Apiary_19,9/18/2020,262,8,NA,140,Yes
Apiary_19_091820_F25,Apiary_19,9/18/2020,262,9,NA,54,Yes
Apiary_19_091820_F26,Apiary_19,9/18/2020,262,9,NA,54,Yes
Apiary_19_091820_F27,Apiary_19,9/18/2020,262,9,NA,54,Yes
Apiary_19_091820_F28,Apiary_19,9/18/2020,262,10,NA,50,Yes
Apiary_19_091820_F29,Apiary_19,9/18/2020,262,10,NA,50,Yes
Apiary_19_091820_F3,Apiary_19,9/18/2020,262,2,32,50,Yes
Apiary_19_091820_F30,Apiary_19,9/18/2020,262,10,NA,50,Yes
Apiary_19_091820_F4,Apiary_19,9/18/2020,262,1,7,55,Yes
Apiary_19_091820_F5,Apiary_19,9/18/2020,262,1,7,55,Yes
Apiary_19_091820_F6,Apiary_19,9/18/2020,262,1,7,55,Yes
Apiary_19_091820_F7,Apiary_19,9/18/2020,262,3,8,67,Yes
Apiary_19_091820_F8,Apiary_19,9/18/2020,262,3,8,67,Yes
Apiary_19_091820_F9,Apiary_19,9/18/2020,262,3,8,67,Yes
Apiary_20_091820_F1,Apiary_20,9/18/2020,262,1,2,85,No
Apiary_20_091820_F10,Apiary_20,9/18/2020,262,3,2,110,No
Apiary_20_091820_F11,Apiary_20,9/18/2020,262,3,2,110,No
Apiary_20_091820_F12,Apiary_20,9/18/2020,262,3,2,110,No
Apiary_20_091820_F13,Apiary_20,9/18/2020,262,5,21,115,No
Apiary_20_091820_F14,Apiary_20,9/18/2020,262,5,21,115,No
Apiary_20_091820_F15,Apiary_20,9/18/2020,262,5,21,115,No
Apiary_20_091820_F16,Apiary_20,9/18/2020,262,6,NA,100,No
Apiary_20_091820_F17,Apiary_20,9/18/2020,262,6,NA,100,No
Apiary_20_091820_F18,Apiary_20,9/18/2020,262,6,NA,100,No
Apiary_20_091820_F19,Apiary_20,9/18/2020,262,7,NA,90,No
Apiary_20_091820_F2,Apiary_20,9/18/2020,262,1,2,85,No
Apiary_20_091820_F20,Apiary_20,9/18/2020,262,6,NA,100,No
Apiary_20_091820_F21,Apiary_20,9/18/2020,262,6,NA,100,No
Apiary_20_091820_F22,Apiary_20,9/18/2020,262,8,NA,100,No
Apiary_20_091820_F23,Apiary_20,9/18/2020,262,8,NA,100,No
Apiary_20_091820_F24,Apiary_20,9/18/2020,262,8,NA,100,No
Apiary_20_091820_F25,Apiary_20,9/18/2020,262,9,NA,120,No
Apiary_20_091820_F26,Apiary_20,9/18/2020,262,9,NA,120,No
Apiary_20_091820_F27,Apiary_20,9/18/2020,262,9,NA,120,No
Apiary_20_091820_F28,Apiary_20,9/18/2020,262,10,NA,150,No
Apiary_20_091820_F29,Apiary_20,9/18/2020,262,10,NA,150,No
Apiary_20_091820_F3,Apiary_20,9/18/2020,262,1,2,85,No
Apiary_20_091820_F30,Apiary_20,9/18/2020,262,10,NA,150,No
Apiary_20_091820_F4,Apiary_20,9/18/2020,262,2,31,105,No
Apiary_20_091820_F5,Apiary_20,9/18/2020,262,2,31,105,No
Apiary_20_091820_F6,Apiary_20,9/18/2020,262,2,31,105,No
Apiary_20_091820_F7,Apiary_20,9/18/2020,262,4,41,125,No
Apiary_20_091820_F8,Apiary_20,9/18/2020,262,4,41,125,No
Apiary_20_091820_F9,Apiary_20,9/18/2020,262,4,41,125,No
Apiary_21_091020_F1,Apiary_21,9/10/2020,254,1,15,23.2,Yes
Apiary_21_091020_F10,Apiary_21,9/10/2020,254,4,NA,42.7,Yes
Apiary_21_091020_F11,Apiary_21,9/10/2020,254,4,NA,42.7,No
Apiary_21_091020_F12,Apiary_21,9/10/2020,254,4,NA,42.7,No
Apiary_21_091020_F13,Apiary_21,9/10/2020,254,5,NA,46.3,No
Apiary_21_091020_F14,Apiary_21,9/10/2020,254,5,NA,46.3,No
Apiary_21_091020_F15,Apiary_21,9/10/2020,254,5,NA,46.3,No
Apiary_21_091020_F2,Apiary_21,9/10/2020,254,1,15,23.2,Yes
Apiary_21_091020_F3,Apiary_21,9/10/2020,254,1,15,23.2,Yes
Apiary_21_091020_F4,Apiary_21,9/10/2020,254,2,56,25.6,Yes
Apiary_21_091020_F5,Apiary_21,9/10/2020,254,2,56,25.6,Yes
Apiary_21_091020_F6,Apiary_21,9/10/2020,254,2,56,25.6,Yes
Apiary_21_091020_F7,Apiary_21,9/10/2020,254,3,19,49.7,Yes
Apiary_21_091020_F8,Apiary_21,9/10/2020,254,3,19,49.7,Yes
Apiary_21_091020_F9,Apiary_21,9/10/2020,254,3,19,49.7,Yes
Apiary_21_092020_F1,Apiary_21,9/20/2020,264,2,40,25,Yes
Apiary_21_092020_F10,Apiary_21,9/20/2020,264,3,18,30,Yes
Apiary_21_092020_F11,Apiary_21,9/20/2020,264,3,18,30,No
Apiary_21_092020_F12,Apiary_21,9/20/2020,264,3,18,30,No
Apiary_21_092020_F13,Apiary_21,9/20/2020,264,5,NA,40,No
Apiary_21_092020_F14,Apiary_21,9/20/2020,264,5,NA,40,No
Apiary_21_092020_F15,Apiary_21,9/20/2020,264,5,NA,40,No
Apiary_21_092020_F2,Apiary_21,9/20/2020,264,2,40,25,Yes
Apiary_21_092020_F3,Apiary_21,9/20/2020,264,2,40,25,Yes
Apiary_21_092020_F4,Apiary_21,9/20/2020,264,1,18,15,Yes
Apiary_21_092020_F5,Apiary_21,9/20/2020,264,1,18,15,Yes
Apiary_21_092020_F6,Apiary_21,9/20/2020,264,1,18,15,Yes
Apiary_21_092020_F7,Apiary_21,9/20/2020,264,4,NA,25,Yes
Apiary_21_092020_F8,Apiary_21,9/20/2020,264,4,NA,25,Yes
Apiary_21_092020_F9,Apiary_21,9/20/2020,264,4,NA,25,Yes
Apiary_22_091420_F1,Apiary_22,9/14/2020,258,1,4,150,Yes
Apiary_22_091420_F10,Apiary_22,9/14/2020,258,5,2,115,No
Apiary_22_091420_F11,Apiary_22,9/14/2020,258,5,2,115,Yes
Apiary_22_091420_F12,Apiary_22,9/14/2020,258,5,2,115,Yes
Apiary_22_091420_F13,Apiary_22,9/14/2020,258,7,NA,10,Yes
Apiary_22_091420_F14,Apiary_22,9/14/2020,258,7,NA,10,Yes
Apiary_22_091420_F15,Apiary_22,9/14/2020,258,7,NA,10,No
Apiary_22_091420_F16,Apiary_22,9/14/2020,258,4,NA,100,Yes
Apiary_22_091420_F17,Apiary_22,9/14/2020,258,4,NA,100,Yes
Apiary_22_091420_F18,Apiary_22,9/14/2020,258,4,NA,100,Yes
Apiary_22_091420_F19,Apiary_22,9/14/2020,258,6,NA,25,Yes
Apiary_22_091420_F2,Apiary_22,9/14/2020,258,1,4,150,Yes
Apiary_22_091420_F20,Apiary_22,9/14/2020,258,6,NA,25,Yes
Apiary_22_091420_F21,Apiary_22,9/14/2020,258,6,NA,25,Yes
Apiary_22_091420_F22,Apiary_22,9/14/2020,258,8,NA,45,Yes
Apiary_22_091420_F23,Apiary_22,9/14/2020,258,8,NA,45,Yes
Apiary_22_091420_F24,Apiary_22,9/14/2020,258,8,NA,45,No
Apiary_22_091420_F25,Apiary_22,9/14/2020,258,9,NA,50,Yes
Apiary_22_091420_F26,Apiary_22,9/14/2020,258,9,NA,50,Yes
Apiary_22_091420_F27,Apiary_22,9/14/2020,258,9,NA,50,Yes
Apiary_22_091420_F28,Apiary_22,9/14/2020,258,10,NA,100,No
Apiary_22_091420_F29,Apiary_22,9/14/2020,258,10,NA,100,No
Apiary_22_091420_F3,Apiary_22,9/14/2020,258,1,4,150,Yes
Apiary_22_091420_F30,Apiary_22,9/14/2020,258,10,NA,100,No
Apiary_22_091420_F4,Apiary_22,9/14/2020,258,2,0,160,Yes
Apiary_22_091420_F5,Apiary_22,9/14/2020,258,2,0,160,No
Apiary_22_091420_F6,Apiary_22,9/14/2020,258,2,0,160,No
Apiary_22_091420_F7,Apiary_22,9/14/2020,258,3,NA,130,Yes
Apiary_22_091420_F8,Apiary_22,9/14/2020,258,3,NA,130,Yes
Apiary_22_091420_F9,Apiary_22,9/14/2020,258,3,NA,130,No
Apiary_23_091120_F1,Apiary_23,9/11/2020,255,1,1,45,No
Apiary_23_091120_F10,Apiary_23,9/11/2020,255,4,23,121,No
Apiary_23_091120_F11,Apiary_23,9/11/2020,255,4,23,121,No
Apiary_23_091120_F12,Apiary_23,9/11/2020,255,4,23,121,No
Apiary_23_091120_F13,Apiary_23,9/11/2020,255,5,NA,150,No
Apiary_23_091120_F14,Apiary_23,9/11/2020,255,5,NA,150,No
Apiary_23_091120_F15,Apiary_23,9/11/2020,255,5,NA,150,No
Apiary_23_091120_F2,Apiary_23,9/11/2020,255,1,1,45,No
Apiary_23_091120_F3,Apiary_23,9/11/2020,255,1,1,45,No
Apiary_23_091120_F4,Apiary_23,9/11/2020,255,2,0,77,No
Apiary_23_091120_F5,Apiary_23,9/11/2020,255,2,0,77,No
Apiary_23_091120_F6,Apiary_23,9/11/2020,255,2,0,77,No
Apiary_23_091120_F7,Apiary_23,9/11/2020,255,3,NA,95,No
Apiary_23_091120_F8,Apiary_23,9/11/2020,255,3,NA,95,No
Apiary_23_091120_F9,Apiary_23,9/11/2020,255,3,NA,95,No
Apiary_23_092120_F1,Apiary_23,9/21/2020,265,2,22,130,No
Apiary_23_092120_F10,Apiary_23,9/21/2020,265,4,NA,120,No
Apiary_23_092120_F11,Apiary_23,9/21/2020,265,4,NA,120,No
Apiary_23_092120_F12,Apiary_23,9/21/2020,265,4,NA,120,No
Apiary_23_092120_F13,Apiary_23,9/21/2020,265,5,15,1:35,No
Apiary_23_092120_F14,Apiary_23,9/21/2020,265,5,15,1:35,No
Apiary_23_092120_F15,Apiary_23,9/21/2020,265,5,15,1:35,No
Apiary_23_092120_F2,Apiary_23,9/21/2020,265,2,22,130,No
Apiary_23_092120_F3,Apiary_23,9/21/2020,265,2,22,130,No
Apiary_23_092120_F4,Apiary_23,9/21/2020,265,1,22,145,No
Apiary_23_092120_F5,Apiary_23,9/21/2020,265,1,22,145,No
Apiary_23_092120_F6,Apiary_23,9/21/2020,265,1,22,145,No
Apiary_23_092120_F7,Apiary_23,9/21/2020,265,3,NA,50,No
Apiary_23_092120_F8,Apiary_23,9/21/2020,265,3,NA,50,No
Apiary_23_092120_F9,Apiary_23,9/21/2020,265,3,NA,50,No
Apiary_24_091220_F1,Apiary_24,9/12/2020,256,1,15,22.3,No
Apiary_24_091220_F10,Apiary_24,9/12/2020,256,4,NA,43.9,No
Apiary_24_091220_F11,Apiary_24,9/12/2020,256,4,NA,43.9,No
Apiary_24_091220_F12,Apiary_24,9/12/2020,256,4,NA,43.9,No
Apiary_24_091220_F13,Apiary_24,9/12/2020,256,5,NA,75,No
Apiary_24_091220_F14,Apiary_24,9/12/2020,256,5,NA,75,No
Apiary_24_091220_F15,Apiary_24,9/12/2020,256,5,NA,75,No
Apiary_24_091220_F2,Apiary_24,9/12/2020,256,1,15,22.3,No
Apiary_24_091220_F3,Apiary_24,9/12/2020,256,1,15,22.3,No
Apiary_24_091220_F4,Apiary_24,9/12/2020,256,2,14,52.1,No
Apiary_24_091220_F5,Apiary_24,9/12/2020,256,2,14,52.1,No
Apiary_24_091220_F6,Apiary_24,9/12/2020,256,2,14,52.1,No
Apiary_24_091220_F7,Apiary_24,9/12/2020,256,3,15,73.5,No
Apiary_24_091220_F8,Apiary_24,9/12/2020,256,3,15,73.5,No
Apiary_24_091220_F9,Apiary_24,9/12/2020,256,3,15,73.5,No
Apiary_24_092320_F1,Apiary_24,9/23/2020,267,1,14,30,No
Apiary_24_092320_F10,Apiary_24,9/23/2020,267,4,NA,115,No
Apiary_24_092320_F11,Apiary_24,9/23/2020,267,4,NA,115,No
Apiary_24_092320_F12,Apiary_24,9/23/2020,267,4,NA,115,No
Apiary_24_092320_F13,Apiary_24,9/23/2020,267,5,NA,140,No
Apiary_24_092320_F14,Apiary_24,9/23/2020,267,5,NA,140,No
Apiary_24_092320_F15,Apiary_24,9/23/2020,267,5,NA,140,No
Apiary_24_092320_F2,Apiary_24,9/23/2020,267,1,14,30,No
Apiary_24_092320_F3,Apiary_24,9/23/2020,267,1,14,30,No
Apiary_24_092320_F4,Apiary_24,9/23/2020,267,2,19,40,No
Apiary_24_092320_F5,Apiary_24,9/23/2020,267,2,19,40,No
Apiary_24_092320_F6,Apiary_24,9/23/2020,267,2,19,40,No
Apiary_24_092320_F7,Apiary_24,9/23/2020,267,3,12,75,No
Apiary_24_092320_F8,Apiary_24,9/23/2020,267,3,12,75,No
Apiary_24_092320_F9,Apiary_24,9/23/2020,267,3,12,75,No
Apiary_25_091120_F1,Apiary_25,9/11/2020,255,1,23,10,Yes
Apiary_25_091120_F10,Apiary_25,9/11/2020,255,4,1,110,Yes
Apiary_25_091120_F11,Apiary_25,9/11/2020,255,4,1,110,No
Apiary_25_091120_F12,Apiary_25,9/11/2020,255,4,1,110,No
Apiary_25_091120_F13,Apiary_25,9/11/2020,255,5,NA,120,No
Apiary_25_091120_F14,Apiary_25,9/11/2020,255,5,NA,120,No
Apiary_25_091120_F15,Apiary_25,9/11/2020,255,5,NA,120,No
Apiary_25_091120_F2,Apiary_25,9/11/2020,255,1,23,10,Yes
Apiary_25_091120_F3,Apiary_25,9/11/2020,255,1,23,10,Yes
Apiary_25_091120_F4,Apiary_25,9/11/2020,255,2,4,50,Yes
Apiary_25_091120_F5,Apiary_25,9/11/2020,255,2,4,50,Yes
Apiary_25_091120_F6,Apiary_25,9/11/2020,255,2,4,50,Yes
Apiary_25_091120_F7,Apiary_25,9/11/2020,255,3,NA,75,Yes
Apiary_25_091120_F8,Apiary_25,9/11/2020,255,3,NA,75,Yes
Apiary_25_091120_F9,Apiary_25,9/11/2020,255,3,NA,75,Yes
Apiary_25_092120_F1,Apiary_25,9/21/2020,265,1,11,50,Yes
Apiary_25_092120_F10,Apiary_25,9/21/2020,265,4,NA,120,Yes
Apiary_25_092120_F11,Apiary_25,9/21/2020,265,4,NA,120,Yes
Apiary_25_092120_F12,Apiary_25,9/21/2020,265,4,NA,120,Yes
Apiary_25_092120_F13,Apiary_25,9/21/2020,265,5,21,200,Yes
Apiary_25_092120_F14,Apiary_25,9/21/2020,265,5,21,200,Yes
Apiary_25_092120_F15,Apiary_25,9/21/2020,265,5,21,200,Yes
Apiary_25_092120_F2,Apiary_25,9/21/2020,265,1,11,50,Yes
Apiary_25_092120_F3,Apiary_25,9/21/2020,265,1,11,50,Yes
Apiary_25_092120_F4,Apiary_25,9/21/2020,265,2,13,95,Yes
Apiary_25_092120_F5,Apiary_25,9/21/2020,265,2,13,95,Yes
Apiary_25_092120_F6,Apiary_25,9/21/2020,265,2,13,95,Yes
Apiary_25_092120_F7,Apiary_25,9/21/2020,265,3,NA,50,Yes
Apiary_25_092120_F8,Apiary_25,9/21/2020,265,3,NA,50,Yes
Apiary_25_092120_F9,Apiary_25,9/21/2020,265,3,NA,50,Yes
Apiary_26_090720_F1,Apiary_26,9/7/2020,251,1,16,150,No
Apiary_26_090720_F10,Apiary_26,9/7/2020,251,4,16,NA,No
Apiary_26_090720_F11,Apiary_26,9/7/2020,251,4,16,NA,No
Apiary_26_090720_F13,Apiary_26,9/7/2020,251,2,6,14,No
Apiary_26_090720_F14,Apiary_26,9/7/2020,251,2,6,14,No
Apiary_26_090720_F15,Apiary_26,9/7/2020,251,2,6,14,No
Apiary_26_090720_F15,Apiary_26,9/7/2020,251,4,16,NA,No
Apiary_26_090720_F2,Apiary_26,9/7/2020,251,1,16,150,No
Apiary_26_090720_F3,Apiary_26,9/7/2020,251,1,16,150,No
Apiary_26_090720_F4,Apiary_26,9/7/2020,251,3,9,NA,No
Apiary_26_090720_F5,Apiary_26,9/7/2020,251,3,9,NA,No
Apiary_26_090720_F6,Apiary_26,9/7/2020,251,3,9,NA,No
Apiary_26_090720_F7,Apiary_26,9/7/2020,251,5,4,NA,No
Apiary_26_090720_F8,Apiary_26,9/7/2020,251,5,4,NA,No
Apiary_26_090720_F9,Apiary_26,9/7/2020,251,5,4,NA,No
Apiary_26_091920_F1,Apiary_26,9/19/2020,263,1,4,150,No
Apiary_26_091920_F10,Apiary_26,9/19/2020,263,4,NA,150,No
Apiary_26_091920_F11,Apiary_26,9/19/2020,263,4,NA,150,No
Apiary_26_091920_F12,Apiary_26,9/19/2020,263,4,NA,150,No
Apiary_26_091920_F13,Apiary_26,9/19/2020,263,5,17,230,No
Apiary_26_091920_F14,Apiary_26,9/19/2020,263,5,17,230,No
Apiary_26_091920_F15,Apiary_26,9/19/2020,263,5,17,230,No
Apiary_26_091920_F2,Apiary_26,9/19/2020,263,1,4,150,No
Apiary_26_091920_F3,Apiary_26,9/19/2020,263,1,4,150,No
Apiary_26_091920_F4,Apiary_26,9/19/2020,263,2,15,150,No
Apiary_26_091920_F5,Apiary_26,9/19/2020,263,2,15,150,No
Apiary_26_091920_F6,Apiary_26,9/19/2020,263,2,15,150,No
Apiary_26_091920_F7,Apiary_26,9/19/2020,263,3,NA,170,No
Apiary_26_091920_F8,Apiary_26,9/19/2020,263,3,NA,170,No
Apiary_26_091920_F9,Apiary_26,9/19/2020,263,3,NA,170,No
Apiary_27_090720_F1,Apiary_27,9/7/2020,251,3,1,NA,Yes
Apiary_27_090720_F10,Apiary_27,9/7/2020,251,1,1,NA,Yes
Apiary_27_090720_F11,Apiary_27,9/7/2020,251,1,1,NA,No
Apiary_27_090720_F12,Apiary_27,9/7/2020,251,1,1,NA,No
Apiary_27_090720_F13,Apiary_27,9/7/2020,251,2,0,NA,No
Apiary_27_090720_F14,Apiary_27,9/7/2020,251,2,0,NA,No
Apiary_27_090720_F15,Apiary_27,9/7/2020,251,2,0,NA,No
Apiary_27_090720_F2,Apiary_27,9/7/2020,251,3,1,NA,Yes
Apiary_27_090720_F3,Apiary_27,9/7/2020,251,3,1,NA,Yes
Apiary_27_090720_F4,Apiary_27,9/7/2020,251,4,8,NA,Yes
Apiary_27_090720_F5,Apiary_27,9/7/2020,251,4,8,NA,Yes
Apiary_27_090720_F6,Apiary_27,9/7/2020,251,4,8,NA,Yes
Apiary_27_090720_F7,Apiary_27,9/7/2020,251,5,0,NA,Yes
Apiary_27_090720_F8,Apiary_27,9/7/2020,251,5,0,NA,Yes
Apiary_27_090720_F9,Apiary_27,9/7/2020,251,5,0,NA,Yes
Apiary_27_100120_F1,Apiary_27,10/1/2020,275,1,1,115,Yes
Apiary_27_100120_F10,Apiary_27,10/1/2020,275,4,5,190,Yes
Apiary_27_100120_F11,Apiary_27,10/1/2020,275,4,5,190,No
Apiary_27_100120_F12,Apiary_27,10/1/2020,275,4,5,190,No
Apiary_27_100120_F13,Apiary_27,10/1/2020,275,4,5,190,No
Apiary_27_100120_F14,Apiary_27,10/1/2020,275,4,5,190,No
Apiary_27_100120_F15,Apiary_27,10/1/2020,275,4,5,190,No
Apiary_27_100120_F2,Apiary_27,10/1/2020,275,1,1,115,Yes
Apiary_27_100120_F3,Apiary_27,10/1/2020,275,1,1,115,Yes
Apiary_27_100120_F4,Apiary_27,10/1/2020,275,2,NA,140,Yes
Apiary_27_100120_F5,Apiary_27,10/1/2020,275,2,NA,140,Yes
Apiary_27_100120_F6,Apiary_27,10/1/2020,275,2,NA,140,Yes
Apiary_27_100120_F7,Apiary_27,10/1/2020,275,3,4,165,Yes
Apiary_27_100120_F8,Apiary_27,10/1/2020,275,3,4,165,Yes
Apiary_27_100120_F9,Apiary_27,10/1/2020,275,3,4,165,Yes
